seller_id,orders,late,rated,bad_reviews,opportunities,defects,dpmo,audit_flag,excess_defects
7c67e1448b00f6e969d365cea6b010ab,963,89,957,240,1920,329,171354.0,True,144.9
2eb70248d66e0e3ef83659f71b244378,185,21,182,87,367,108,294278.0,True,72.8
88460e8ebdecbfecb5f9601833981930,227,42,226,64,453,106,233996.0,True,62.6
06a2c3af7b3aee5d69171b0e14f0ee87,388,74,384,61,772,135,174870.0,True,61.0
1ca7077d890b907f89be8c954a02686a,106,18,105,63,211,81,383886.0,True,60.8
1835b56ce799e6a4dc4eddc053f04066,375,43,372,77,747,120,160643.0,True,48.4
897060da8b9a21f655304d50fd935913,298,32,295,67,593,99,166948.0,True,42.1
855668e0971d4dfd7bef1b6a4133b41b,296,38,292,58,588,96,163265.0,True,39.6
a49928bcdf77c55c6d6e05e09a9b4ca5,93,21,93,36,186,57,306452.0,True,39.2
54965bbe3e4f07ae045b90b0b8541f52,72,22,68,27,140,49,350000.0,True,35.6
8160255418d5aaa7dbdc9f4c64ebda44,355,51,351,51,706,102,144476.0,True,34.3
70a12e78e608ac31179aea7f8422044b,307,29,305,61,612,90,147059.0,True,31.3
7040e82f899a04d1b434b795a43b4617,203,16,201,52,404,68,168317.0,True,29.3
e5a3438891c0bfdb9394643f95273d8e,213,34,212,36,425,70,164706.0,True,29.2
712e6ed8aa4aa1fa65dab41fed5737e4,77,16,76,27,153,43,281046.0,True,28.3
972d0f9cf61b499a4812cf0bfa3ad3c4,75,9,73,30,148,39,263514.0,True,24.8
b2479f944e1b90cf8a5de1bbfde284d6,98,12,97,29,195,41,210256.0,True,22.3
bbad7e518d7af88a0897397ffdca1979,64,11,63,23,127,34,267717.0,True,21.8
6fd52c528dcb38be2eea044946b811f8,67,9,66,24,133,33,248120.0,True,20.2
2a1348e9addc1af5aaa619b1a3679d6b,45,13,44,15,89,28,314607.0,True,19.5
710e3548e02bc1d2831dfc4f1b5b14d4,129,5,128,39,257,44,171206.0,True,19.4
431af27f296bc6519d890aa5a05fdb11,114,16,113,25,227,41,180617.0,True,19.2
3c7c4a49ec3c6550809089c6a2ca9370,135,8,135,36,270,44,162963.0,True,18.1
ede0c03645598cdfc63ca8237acbe73d,43,14,42,12,85,26,305882.0,True,17.8
8444e55c1f13cd5c179851e5ca5ebd00,90,6,90,29,180,35,194444.0,True,17.7
7ad32824caee82087b3e2e5f33b1bf32,140,19,137,25,277,44,158845.0,True,17.4
cac4c8e7b1ca6252d8f20b2fc1a2e4af,69,12,68,18,137,30,218978.0,True,16.9
ad781527c93d00d89a11eecd9dcad7c1,33,12,33,11,66,23,348485.0,True,16.7
cd68562d3f44870c08922d380acae552,122,19,121,20,243,39,160494.0,True,15.7
602044f2c16190c2c6e45eb35c2e21cb,45,8,44,16,89,24,269663.0,True,15.5
8e6d7754bc7e0f22c96d255ebda59eba,77,11,77,19,154,30,194805.0,True,15.2
0b35c634521043bf4b47e21547b99ab5,43,8,42,15,85,23,270588.0,True,14.8
59b22a78efb79a4797979612b885db36,123,14,122,24,245,38,155102.0,True,14.5
835f0f7810c76831d6c7d24c7a646d4d,40,11,40,11,80,22,275000.0,True,14.3
beadbee30901a7f61d031b6b686095ad,63,15,63,11,126,26,206349.0,True,13.9
11bfa66332777660bd0640ee84d47006,76,11,76,17,152,28,184211.0,True,13.4
6973a06f484aacf400ece213dbf3d946,77,13,76,15,153,28,183007.0,True,13.3
dd7ddc04e1b6c2c614352b383efe2d36,114,15,113,20,227,35,154185.0,True,13.2
f46490624488d3ff7ce78613913a7711,80,9,80,19,160,28,175000.0,True,12.7
18a349e75d307f4b4cc646a691ed4216,107,6,106,27,213,33,154930.0,True,12.6
891071be6ba827b591264c90c2ae8a63,82,12,82,16,164,28,170732.0,True,12.3
d20b021d3efdf267a402c402a48ea64b,73,14,72,12,145,26,179310.0,True,12.1
c31eff8334d6b3047ed34bebd4d62c36,116,14,115,20,231,34,147186.0,True,11.8
5058e8c1e82653974541e83690655b4a,59,7,58,16,117,23,196581.0,True,11.8
ea566164622c6b439516ab18062c42cd,50,9,50,12,100,21,210000.0,True,11.4
6039e27294dc75811c0d8a39069f52c0,62,11,62,12,124,23,185484.0,True,11.1
ef990a83bbea832f36ebe81376335aa8,40,9,40,9,80,18,225000.0,True,10.3
adbc26658d6c7b4b6219f9d934598091,86,12,86,14,172,26,151163.0,True,9.5
f84a00e60c73a49e7e851c9bdca3a5bb,87,9,87,17,174,26,149425.0,True,9.3
a7f13822ceb966b076af67121f87b063,73,3,72,20,145,23,158621.0,True,9.1
f3da5b2ff499efb8d4a6d371d175d7dd,75,9,74,14,149,23,154362.0,True,8.7
c60b801f2d52c7f7f91de00870882a75,36,6,36,9,72,15,208333.0,True,8.1
82e0a475a88cc9595229d8029273f045,40,4,40,11,80,15,187500.0,True,7.3
2a261b5b644fa05f4f2700eb93544f2c,46,8,46,8,92,16,173913.0,True,7.2
5f2684dab12e59f83bef73ae57724e45,67,4,67,16,134,20,149254.0,True,7.1
75d34ebb1bd0bd7dde40dd507b8169c3,57,7,57,11,114,18,157895.0,True,7.1
fffd5413c0700ac820c7069d66d98c89,53,7,52,10,105,17,161905.0,True,6.9
50c9975695009e5e6473912e83a6d1da,49,7,48,9,97,16,164948.0,True,6.7
abe42c5d03695b4257b5c6cbf4e6784e,49,8,48,8,97,16,164948.0,True,6.7
0bf0150d5b9d60d9cd2906003332f085,39,6,38,8,77,14,181818.0,True,6.6
71039d19d4303bf9054d69e9a9236699,34,7,34,6,68,13,191176.0,True,6.5
b17b679f4f5ce2e03ce6968c62648246,50,8,50,8,100,16,160000.0,True,6.4
dc8798cbf453b7e0f98745e396cc5616,35,2,35,11,70,13,185714.0,True,6.3
2089a6d640999f9b9141ac719b2af596,40,5,40,9,80,14,175000.0,True,6.3
dd55f1bb788714a40e7954c3be6df745,35,6,35,7,70,13,185714.0,True,6.3
3c03b12bab54d8b37d79d914bfdb1aa0,36,6,35,7,71,13,183099.0,True,6.2
23613d49c3ac2bd302259e55c06c050c,62,6,61,12,123,18,146341.0,True,6.2
d3f39f05462b79a4562d35893a28f159,30,4,30,8,60,12,200000.0,True,6.2
05f51e13da97139648b8125c31e5f51b,57,9,57,8,114,17,149123.0,True,6.1
002100f778ceb8431b7a1020ff7ab48f,48,9,48,6,96,15,156250.0,True,5.8
cee48807215b30a12ca2ca10ffb5f250,38,5,38,8,76,13,171053.0,True,5.7
e96498ed8daaa3e9c23f7a62da76591c,34,5,34,7,68,12,176471.0,True,5.5
3fd1e727ba94cfe122d165e176ce7967,34,7,34,5,68,12,176471.0,True,5.5
e2aee0892199b1d92530e371abd825bf,34,5,34,7,68,12,176471.0,True,5.5
834f8533b2ecb6598dd004ff3de7203a,40,6,40,7,80,13,162500.0,True,5.3
318f287a62ab7ac10b703ac37435a231,51,5,51,10,102,15,147059.0,True,5.2
99a54764c341d5dc80b4a8fac4eba3fb,41,5,40,8,81,13,160494.0,True,5.2
903037660cf848a717166eb7a06d616e,42,5,42,8,84,13,154762.0,True,4.9
d93919c944be9cff128f6c9cb899eacb,33,5,33,6,66,11,166667.0,True,4.7
95f83f51203c626648c875dd41874c7f,44,1,44,12,88,13,147727.0,True,4.6
66e0557ecc2b4dbea057e93f215f68d8,30,6,30,4,60,10,166667.0,True,4.2
cd06602b43d8800bd0afad514919d35c,41,2,41,10,82,12,146341.0,True,4.1
ec8879960bd2221d5c32f8e12f7da711,35,6,34,4,69,10,144928.0,True,3.4
