seller_id,orders,late_pct,avg_review
001cca7ae9ae17fb1caed9dfb1094831,195,6.2,4.06
002100f778ceb8431b7a1020ff7ab48f,50,18.0,3.96
004c9cd9d87a3c30c522c48c4fc07416,156,6.4,4.14
00ee68308b45bc5e2660cd833c3f81cc,135,7.4,4.3
00fc707aaaad2d31347cf883cd2dfe10,103,3.9,4.08
0176f73cc1195f367f7b32db1e5b3aa8,37,10.8,4.11
01cf7e3d21494c41fb86034f2e714fa1,59,5.1,4.12
01fd077212124329bac32490e8ef80d9,31,3.2,4.16
01fdefa7697d26ad920e9e0346d4bd1b,128,5.5,4.38
0241d4d5d36f10f80c644447315af0bd,238,4.6,4.35
02f5837340d7eb4f653d676c7256523a,30,3.3,4.83
02f623a8eb246f3c5f7c2f96462654e6,44,6.8,4.56
04308b1ee57b6625f47df1d56f00eedf,92,7.6,3.95
0432ead42b6c8a0bdf68154add917fdf,82,2.4,4.54
048c2757535328e0d7dac690ad3c0aae,50,12.0,4.24
0509040ea3fe50071181bbc359eb7738,87,4.6,4.48
056b4ada5bbc2c50cc7842547dda6b51,64,10.9,4.21
058fd0aa2bfdb2274e05e1ae971dabb6,60,6.7,4.37
05d2173d43ea568aa0540eba70d2ca76,62,4.8,4.18
05f51e13da97139648b8125c31e5f51b,57,15.8,4.23
05ff92fedb5be47920fea08e501238b9,57,3.5,4.32
062ce95fa2ad4dfaedfc79260130565f,54,3.7,4.09
06579cb253ecd5a3a12a9e6eb6bf8f47,61,6.6,4.13
066a6914e1ebf3ea95a216c73a986b91,65,3.1,4.11
0691148aee60ca47977c187804f935ae,47,2.1,4.17
06a2c3af7b3aee5d69171b0e14f0ee87,389,19.0,4.01
06e5eefc71ec47ae763c5c6f8db7064f,89,0.0,3.97
070d165398b553f3b4b851c216b8a358,31,12.9,3.37
080102cd0a76b09e0dcf55fcacc60e05,122,4.1,4.52
080199a181c46c657dc5aa235411be3b,79,1.3,4.62
08633c14ef2db992c11f840f04fad4cd,74,5.4,4.36
09f952a5f58d2285b0372551ae8f9b01,50,6.0,3.84
0adac9fbd9a2b63cccaac4f8756c1ca8,106,5.7,4.09
0b35c634521043bf4b47e21547b99ab5,50,16.0,3.41
0b90b6df587eb83608a64ea8b390cf07,163,3.7,4.04
0bae85eb84b9fb3bd773911e89288d54,136,0.7,4.29
0be8ff43f22e456b4e0371b2245e4d01,156,6.4,4.03
0bf0150d5b9d60d9cd2906003332f085,39,15.4,3.79
0c7533c71df861ec58ad7ff999ed0e8d,61,4.9,4.15
0c8380b62e38e8a1e6adbeba7eb9688c,180,5.0,4.07
0cbcee27c791afa0cdcb08587a2013a8,37,10.8,4.0
0d85bbda9889ce1f7e63778d24f346eb,51,11.8,4.2
0db783cfcd3b73998abc6e10e59a102f,132,3.8,4.21
0dd184061fb0eaa7ca37932c68ab91c5,161,10.6,4.03
0df3984f9dfb3d49ac6366acbd3bbb85,86,1.2,4.38
0ea22c1cfbdc755f86b9b54b39c16043,234,0.9,4.41
0ebd97a106433a45a4aebe57c1799778,31,0.0,4.48
0ed6ce5d87fd9c69eaacaeb778d67235,42,14.3,4.39
0ef83d7d83ed97cd2a0049ac8be5f88a,48,2.1,4.15
0ffa40d54288e4f3499b8780dd0f144f,33,12.1,4.48
1025f0e2d44d7041d6cf58b6550e0bfa,910,7.9,4.01
1127b7f2594683f2510f1c2c834a486b,110,1.8,4.19
11305281b50fff20ae8bb473f8e11876,35,11.4,4.31
113e3a788b935f48aad63e1c41dac1bd,39,5.1,4.32
116ccb1a1604bc88e4d234a8c23f33de,61,3.3,4.64
11bfa66332777660bd0640ee84d47006,76,14.5,3.92
128639473a139ac0f3e5f5ade55873a5,527,4.2,4.21
12b9676b00f60f3b700e83af21824c0e,133,0.8,4.55
1336efc61c316ddf92c899eb817f7cae,74,8.1,4.0
138dbe45fc62f1e244378131a6801526,49,2.0,4.08
14d7985702e72162bbf13b6beb74ab2b,37,10.8,4.32
1554a68530182680ad5c8b042c3ab563,245,6.1,4.34
16090f2ca825584b5a147ab24aa30c86,398,8.0,4.09
165fc07beebdcb6190fba8a06db2a449,50,8.0,3.8
17a053fcb14bd219540cbde0df490be0,124,5.6,4.25
17ca9b9e9b9ef8fdb529001b49ebb50f,115,0.9,4.07
17e34d8224d27a541263c4c64b11a56b,247,7.7,4.25
17f51e7198701186712e53a39c564617,56,8.9,4.34
1835b56ce799e6a4dc4eddc053f04066,417,10.3,3.67
1838dd9b8977065acf51d95e0053ea7a,62,3.2,4.37
18a349e75d307f4b4cc646a691ed4216,109,5.5,3.6
18e694e0e48ed6f7aa3f24aade5fd697,31,3.2,4.68
1900267e848ceeba8fa32d80c1a5f5a8,406,8.1,3.86
1a3df491d1c4f1589fc2b934ada68bf2,160,3.8,4.28
1b4c3a6f53068f0b6944d2d005c9fc89,111,4.5,4.25
1b8356dabde1d35e17cef975c3f82730,55,1.8,4.22
1bb2bdb95f4841f1bba2c0d2cd83d3c9,79,6.3,4.63
1c129092bf23f28a5930387c980c0dfc,200,4.5,4.25
1c68394e931a64f90ea236c5ea590300,142,3.5,3.9
1ca7077d890b907f89be8c954a02686a,108,16.7,2.39
1caf283236cd69af44cbc09a0a1e7d32,33,9.1,4.61
1ce3ae5a399804d1a87e706f8a813c3e,40,7.5,3.75
1d4587203296c8f4ad134dc286fa6db0,40,2.5,4.35
1d8dbc4f32378d715c717c1c1fc57bae,91,8.8,4.06
1da366cade6d8276e7d8beea7af5d4bf,41,7.3,4.05
1da3aeb70d7989d1e6d9b0e887f97c23,260,4.6,4.16
1e8b33f18b4f7598d87f5cbee2282cc2,122,3.3,4.4
1eade46fba20122dc4aefb379f8c636b,58,12.1,4.43
1f50f920176fa81dab994f9023523100,1399,8.9,4.14
1f9ab4708f3056ede07124aad39a2554,76,5.3,4.09
2089a6d640999f9b9141ac719b2af596,40,12.5,4.0
20cb7c2fde3e5bf10f0bbe7394e1c6a9,31,9.7,4.1
20d83f3ef0e6925fd74bfd59170babf7,40,5.0,4.4
2138ccb85b11a4ec1e37afbd1c8eda1f,388,4.6,3.96
213b25e6f54661939f11710a6fddb871,152,6.6,3.81
218d46b86c1881d022bce9c68a7d4b15,381,8.7,4.18
229c3efbfb0ea2058de4ccdfbc3d784a,118,1.7,3.62
232a6014e7b10cba61c6c2b2ea6bb4b0,32,3.1,4.16
23613d49c3ac2bd302259e55c06c050c,69,8.7,3.87
23c38debaffe4a25a30fdbd9b586a13f,41,12.2,4.32
23d7c96d4a1160db1c726b248601b25a,50,10.0,3.92
240b9776d844d37535668549a396af32,35,2.9,4.34
2528513dd95219a6013d4d05176e391a,159,3.8,3.99
259f7b5e6e482c230e5bfaa670b6bb8f,135,1.5,4.37
25c5c91f63607446a97b143d2d535d31,156,7.1,3.85
25cf099de44674fde97473224f9d59ab,50,4.0,4.33
25e6ffe976bd75618accfe16cefcbd0d,106,2.8,4.44
26d8a1c7c75d513045798992ead43aa2,34,8.8,4.41
2745f798279e0ed033addcc1474776d7,32,9.4,3.97
276677b5d08786d5dce7c2149dcce48b,31,6.5,4.03
282f23a9769b2690c5dda22e316f9941,98,4.1,4.37
289cdb325fb7e7f891c38608bf9e0962,109,1.8,4.59
2a1348e9addc1af5aaa619b1a3679d6b,48,27.1,3.17
2a261b5b644fa05f4f2700eb93544f2c,51,15.7,3.84
2a5b78b41cd05baeac8df54c6606b92c,46,2.2,4.54
2a6fbeaa7ab9e5d59a35841a8da71ce4,30,6.7,3.93
2a7dc43cecabf23403078e2188437d1d,52,5.8,4.1
2a84855fd20af891be03bc5924d2b453,155,2.6,4.38
2b3e4a2a3ea8e01938cabda2a3e5cc79,52,0.0,4.37
2bf6a2c1e71bbd29a4ad64e6d3c3629f,30,6.7,4.17
2c9e548be18521d1c43cde1c582c6de8,124,15.3,4.13
2d50d6282f8aa2257819a77bfaa0efe0,42,9.5,3.81
2dee2ce60de9709b1a24083217181a1f,54,1.9,4.43
2e1c9f22be269ef4643f826c9e650a52,161,6.2,4.24
2e90cb1677d35cfe24eef47d441b7c87,127,12.6,4.12
2eb70248d66e0e3ef83659f71b244378,187,11.2,2.79
2ff97219cb8622eaf3cd89b7d9c09824,87,3.4,4.54
3078096983cf766a32a06257648502d1,56,3.6,4.3
30a2f535bb48308f991d0b9ad4a8c4bb,70,2.9,4.3
31344c16881c08a8a72c6d2eb29918c1,41,4.9,4.51
31561f325664a8a7aba4c8d0c3a9b3db,36,0.0,4.64
318f287a62ab7ac10b703ac37435a231,51,9.8,3.92
325f3178fb58e2a9778334621eecdbf9,36,0.0,4.44
32b8764b4ef628b53608fc34011fcc13,36,2.8,4.19
3340ef1913fb70d28420f6ceb685c339,32,3.1,4.38
33576ec5412fb5905d876f12f33bfde6,31,3.2,4.1
33a17d60c64393351ebf1ef860f4e0f2,43,2.3,4.63
33a6f4b1e7cdc205511e76ba1b6e0186,105,1.9,4.41
33ac3e28642ab8bda860a2f693000e78,34,0.0,4.21
34056b8b55c1775a22af2331670a799c,77,11.7,4.04
34d1ca11b242c0fee2c834ae8d788566,40,0.0,4.33
3504c0cb71d7fa48d967e0e4c94d59d9,53,0.0,4.42
3586b8580d9c917874e053a1bb37b5ff,36,2.8,4.42
36a968b544695394e4e9d7572688598f,147,3.4,3.74
37515688008a7a40ac93e3b2e4ab203f,226,8.0,4.1
376a891762bbdecbc02b4b6adec3fdda,57,3.5,4.67
37be5a7c751166fbc5f8ccba4119e043,269,2.6,4.33
381c83fdca332ea6afd896da20bf6e4a,46,2.2,4.39
382229d1e840115ffe3dbf5ff460e417,45,6.7,4.27
391fc6631aebcf3004804e51b40bcf1e,518,8.7,4.04
3ab971ce71839580d2ae5b4e40fe8044,35,5.7,3.91
3b15288545f8928d3e65a8f949a28291,101,6.9,4.08
3bb548e3cb7f70f28e3f11ee9dce0e59,46,0.0,4.2
3bdff180c7e1f6551a643b99c265a120,56,1.8,4.25
3be634553519fb6536a03e1358e9fdc7,80,7.5,4.0
3c03b12bab54d8b37d79d914bfdb1aa0,37,16.2,3.83
3c487ae8f8d7542beff5788e2e0aea83,30,3.3,4.2
3c4e0452bff7a2a788179488d3d77032,32,3.1,3.84
3c7c4a49ec3c6550809089c6a2ca9370,139,5.8,3.69
3d871de0142ce09b7081e2b9d1733cb1,1064,5.5,4.19
3d8fa2f5b647373c8620330c4e077a9f,42,2.4,4.24
3db66a856d18a9cba7c9241fc5221c50,94,10.6,4.2
3df020b72d3d44b3af9d110fa3940b65,55,9.1,4.05
3f3486b61f45078d4f31ee5e43d8c5bb,39,10.3,4.33
3f995f07c49d0d55a99d5c54957f7d81,43,2.3,4.21
3fd1e727ba94cfe122d165e176ce7967,35,20.0,3.94
406822777a0b9eb5c50e442dd4cd3ec5,44,11.4,4.33
40d54b51e962dbe09cabbcfd33298dee,30,0.0,4.0
41b39e28db005d9731d9d485a83b4c38,186,4.8,4.19
42b729f859728f5079499127a9c2ef37,103,7.8,4.48
42bde9fef835393bb8a8849cb6b7f245,34,2.9,4.35
431af27f296bc6519d890aa5a05fdb11,116,13.8,3.8
432c37c9dfba871172ec162e20118b8c,44,9.1,4.25
4371b634e0efc0e22b09b52907d9d469,101,6.9,4.48
43f8c9950d11ecd03a0304a49e010da6,41,4.9,4.56
44073f8b7e41514de3b7815dd0237f4f,142,3.5,3.74
440dd6ab244315c632130ecfb63827b1,91,13.2,3.89
4559697a8f7e637227c2eeaed843baff,39,7.7,4.21
45ba18c210d42734ec52c0c1c574e9ee,35,5.7,4.11
45d33f715e24d15a6ccf5c17b3a23e3c,56,5.4,4.14
46dc3b2cc0980fb8ec44634e21d2718e,502,5.8,4.28
48162d548f5b1b11b9d29d1e01f75a61,66,1.5,3.98
4830e40640734fc1c52cd21127c341d4,204,4.9,4.23
48436dade18ac8b2bce089ec2a041202,134,7.5,4.1
4869f7a5dfa277a7dca6462dcf3b52b2,1124,10.5,4.15
48efc9d94a9834137efd9ea76b065a38,33,0.0,5.0
4917cee8d902e13428c3ec4b1ca6f315,31,3.2,4.16
4992e76a42cb3aad7a7047e0d3d7e729,56,5.4,3.96
4a3ca9315b744ce9f8e9374361493884,1772,9.7,3.85
4a3ccda38b2129705f3fb522db62ca31,64,6.2,3.94
4b9750c8ad28220fe6702d4ecb7c898f,217,6.0,4.36
4c03b9dd4c11ee2cb35c96c49efc9420,48,2.1,4.11
4c18691b6037662be2df78a765d98ab5,63,6.3,3.87
4c2b230173bb36f9b240f2b8ac11786e,258,9.3,3.98
4c498c7345e89aebad651544829beca0,47,10.6,4.28
4d6d651bd7684af3fffabd5f08d12e5a,363,3.9,4.22
4da0e408c99d2fdc2126dc9fce518060,44,0.0,4.41
4e06067cc08b3f41d837768d392c3ee3,31,3.2,4.13
4e17c65a516f69d023a2ae78b84f28d6,61,4.9,4.23
4e7c18b98d84e05cbae3ff0ff03846c2,81,3.7,4.2
4e922959ae960d389249c378d1c939f5,412,9.0,3.96
5058e8c1e82653974541e83690655b4a,62,11.3,3.25
50c9975695009e5e6473912e83a6d1da,50,14.0,3.94
5160d23075764e18e07c1f4a87fad743,33,0.0,4.36
516e7738bd8f735ac19a010ee5450d8d,74,2.7,4.64
520b493b57809f446cb0a233bb3e25c7,63,1.6,4.3
522620dcb18a6b31cd7bdf73665113a9,172,8.7,3.91
527801b552d0077ffd170872eb49683b,90,10.0,4.47
530ec6109d11eaaf87999465c6afee01,94,1.1,4.34
53243585a1d6dc2643021fd1853d8905,348,3.4,4.19
5343d0649eca2a983820bfe93fc4d17e,70,10.0,3.87
537eb890efff034a88679788b647c564,158,3.8,4.23
53e4c6e0f4312d4d2107a8c9cddf45cd,462,4.8,4.13
54965bbe3e4f07ae045b90b0b8541f52,73,30.1,3.14
54a1852d1b8f10312c55e906355666ee,198,7.6,4.36
55a5b51f93f2b70ea513f5a047b0262a,39,2.6,4.46
562fc2f2c2863ab7e79a9e4388a58a14,255,3.1,4.23
5656537e588803a555b8eb41f07a944b,171,5.8,3.89
56642bcb79900e777d68e91915cb4267,48,8.3,4.06
57e632711dec9ec14ca7546769483e7e,62,0.0,4.42
582d4f8675b945722eda7c0cb61ba4c7,59,1.7,4.15
58f1a6197ed863543e0136bdedb3fce2,42,2.4,4.14
594f9aaa48e5bf431f011ddc5669b0d5,37,2.7,4.59
59b22a78efb79a4797979612b885db36,125,11.2,3.98
59fb871bf6f4522a87ba567b42dafecf,123,5.7,4.28
5a8e7d5003a1f221f9e1d6e411de7c23,137,3.6,4.17
5a93f3ab0ef4c84ed5e1b5dbf23978bc,38,2.6,4.79
5b179e9e8cc7ab6fd113a46ca584da81,34,5.9,3.67
5b8154610ebb21fb90eb587365e673df,37,10.8,4.16
5b925e1d006e9476d738aa200751b73b,63,6.3,4.6
5c243662ce92d84573bfaff24c3e3700,98,1.0,4.14
5c6d4016c2a288f074fa0848a2b653d2,31,9.7,4.16
5cbbd5a299cab112b7bf23862255e43e,36,0.0,4.28
5cf13accae3222c70a9cac40818ae839,148,2.0,4.48
5d0363b33554b373851fc1622e4d5f3c,93,8.6,4.08
5d3bb11474a06bdc23fb9e89f1164ee0,31,3.2,3.9
5dceca129747e92ff8ef7a997dc4f8ca,322,5.6,4.01
5f1dc28029d2c244352a68107ec2b542,62,1.6,4.43
5f2684dab12e59f83bef73ae57724e45,67,6.0,3.79
5f3ae9136c875522250f8184f253413a,42,4.8,4.64
602044f2c16190c2c6e45eb35c2e21cb,48,16.7,3.23
6039e27294dc75811c0d8a39069f52c0,63,17.5,3.73
609e1a9a6c2539919b8205cf7c4e6ff0,87,1.1,3.81
612170e34b97004b3ba37eae81836b4c,107,0.9,4.43
620c87c171fb2a6dd6e8bb4dec959fc6,722,8.7,4.31
624f4ece8da4aafb77699233d480f8ef,52,7.7,4.25
6338ea67c41078a46ad99cc009654956,37,0.0,4.6
634964b17796e64304cadf1ad3050fb7,265,9.4,4.06
63b464dbf392c7b80d12d932fa7cafed,36,5.6,3.86
640e21a7d01df7614a3b4923e990d40c,115,4.3,4.33
643214e62b870443ccbe55ab29a4dccf,65,10.8,4.4
6481e96574816ead57975da2c0f6d80d,32,3.1,4.19
6560211a19b47992c3666cc44a7e94c0,1819,5.3,3.98
65febd49fd28ec955651299159b1f527,33,0.0,4.45
66922902710d126a0e7d26b0e3805106,150,7.3,4.5
669ae81880e08f269a64487cfb287169,160,4.4,4.28
66dc1b1632bd6a3e508510c5b3492107,36,2.8,3.64
66e0557ecc2b4dbea057e93f215f68d8,30,20.0,4.03
670c26e0f1bf8d0576271d5cfaec6d2b,77,5.2,4.31
6860153b69cc696d5dcfe1cdaaafcf62,74,8.1,4.1
688756f717c462a206ad854c5027a64a,81,3.7,3.89
6973a06f484aacf400ece213dbf3d946,89,14.6,3.72
6a0cbc8af2e8abd1bdfb777943d174c6,34,8.8,4.03
6a8b085f816a1f75f92dbac6eb545f8f,125,8.0,4.16
6b243f80ed07b10f0e8aa0f21a205f3c,79,3.8,4.27
6b3bd31ad8fcda4b2635ec9f3ff2ecdf,35,8.6,4.09
6b90f847357d8981edd79a1eb1bf0acb,45,0.0,4.36
6c177e38df6d3f34182b1f1d427231bf,53,1.9,4.15
6c7d50c24b3ccd2fd83b44d8bb34e073,112,1.8,4.45
6cd68b3ed6d59aaa9fece558ad360c0a,149,1.3,4.46
6d66611d7c44cc30ce351abc49a68421,164,5.5,3.97
6d803cb79cc31c41c4c789a75933b3c7,58,6.9,4.24
6df688df543f90e9b38f4319e75a9d88,39,0.0,4.56
6ec1a01e866584bb679eb9b098345919,30,20.0,4.24
6edacfd9f9074789dad6d62ba7950b9c,205,4.4,4.38
6f892e20a171e98efe17fdb971ff319b,41,9.8,4.15
6fc26fe110feebd80a433e1f012a84f9,35,11.4,3.91
6fd52c528dcb38be2eea044946b811f8,67,13.4,3.39
7008613ea464bad5cb9b83456e1e6a8f,123,4.9,4.28
701938c450705b8ae65fc923b70f35c7,74,4.1,4.0
7040e82f899a04d1b434b795a43b4617,208,7.7,3.65
709e16e2b25c7474d980076c6bfc4806,60,3.3,4.52
70a12e78e608ac31179aea7f8422044b,311,9.3,3.81
70c27847eca8195c983ed7e798c56743,77,6.5,4.23
70eea00b476a314817cefde4aad4f89a,106,6.6,4.41
71039d19d4303bf9054d69e9a9236699,35,20.0,3.8
710e3548e02bc1d2831dfc4f1b5b14d4,131,3.8,3.43
712e6ed8aa4aa1fa65dab41fed5737e4,77,20.8,3.39
7142540dd4c91e2237acb7e911c4eba2,316,7.3,4.05
715bbd5ba4e6b74cb0d2f29eb45058b0,62,8.1,4.47
7178f9f4dd81dcef02f62acdf8151e01,202,3.5,4.06
718539d38d07dd351c76db862760e2e2,35,0.0,4.63
7202e2ba20579a9bd1acb29e61fe71f6,51,3.9,3.98
725c32fa80c2faacc4fc88450d27314e,89,1.1,4.52
7299e27ed73d2ad986de7f7c77d919fa,335,4.2,4.43
729b2d09b2a0bdab221076327f13d050,48,4.2,4.56
729f06993dac8e860d4f02d7088ca48a,94,9.6,4.22
72c5da29406b4234927b81855e7b64f6,31,3.2,4.13
744dac408745240a2c2528fb1b6028f3,78,1.3,4.58
750303a20e9c56b2a6bc45cdce0b897d,53,3.8,4.3
751bdc4d83a466c7206cd42e8f426b03,51,2.0,3.94
75d34ebb1bd0bd7dde40dd507b8169c3,57,12.3,3.93
75fbb52eda0cbc24f479d3b2fbfa8d3e,38,5.3,4.45
7681ef142fd2c19048da7430856b5588,58,8.6,4.23
76d5af76d0271110f9af36c92573f765,128,9.4,4.13
76d64c4aca3a7baf218bf93ef7fa768d,64,3.1,4.23
7722b1df1b0e383e000397b2c11e3e19,132,3.0,4.25
77530e9772f57a62c906e1c21538ab82,312,9.3,4.15
78c99c6dff4eeae5be99bf635ed21e3f,31,6.5,4.42
79ebd9a61bac3eaf882805ed4ecfa12a,133,4.5,4.06
7a241947449cc45dbfda4f9d0798d9d0,56,7.1,4.15
7a67c85e85bb2ce8582c35f2203ad736,1145,5.2,4.28
7aa4334be125fcdd2ba64b3180029f14,213,11.7,4.14
7ad32824caee82087b3e2e5f33b1bf32,147,12.9,3.86
7b07b3c7487f0ea825fc6df75abd658b,91,4.4,4.42
7b0df942f46435babab05d49b744b2c4,32,9.4,4.39
7c67e1448b00f6e969d365cea6b010ab,972,9.2,3.5
7d13fca15225358621be4086e1eb0964,558,11.5,4.04
7d456afc660226829370f3173d14520c,55,3.6,4.35
7d76b645482be4a332374e8223836592,172,9.3,4.0
7dc8c42cc750eeafea6c85712ffee9bf,41,4.9,4.2
7ddcbb64b5bc1ef36ca8c151f6ec77df,325,8.3,4.03
7e1fb0a3ebfb01ffb3a7dae98bf3238d,155,11.6,4.19
7e3f87d16fb353f408d467e74fbd8014,91,6.6,4.16
7e93a43ef30c4f03f38b393420bc753a,319,4.7,4.36
7ea5bfa6c340f58f8e71fc1f0412b0d6,96,6.2,4.19
7f7b8245c336066a1f9933c359f11d77,38,2.6,4.55
80e6699fe29150b372a0c8a1ebf7dcc8,96,3.1,4.34
813348c996469b40f2e028d5429d3495,172,4.7,4.07
8160255418d5aaa7dbdc9f4c64ebda44,380,13.7,3.95
81a1104df0f08b59c68aa5b03cfe398e,72,4.2,4.31
81f89e42267213cb94da7ddc301651da,46,0.0,3.67
822166ed1e47908f7cfb49946d03c726,69,1.4,3.99
827f8f69dfa529c561901c4f2e0f332f,91,6.6,4.28
82e0a475a88cc9595229d8029273f045,41,9.8,3.71
834f3294fba9f932f56edc879193f925,66,6.1,4.55
834f8533b2ecb6598dd004ff3de7203a,41,14.6,3.95
835f0f7810c76831d6c7d24c7a646d4d,42,26.2,3.36
83deb69e889cf80f82be1dc6d5f2d486,40,5.0,4.32
83e197e95a1bbabc8c75e883ed016c47,46,2.2,4.8
8444e55c1f13cd5c179851e5ca5ebd00,92,6.5,3.37
850f4f8af5ea87287ac68de36e29107f,186,4.8,4.3
855668e0971d4dfd7bef1b6a4133b41b,300,12.7,3.85
8581055ce74af1daba164fdbd55a40de,379,8.2,4.31
85d9eb9ddc5d00ca9336a2219c97bb13,499,2.2,4.22
8648b1e89e9b349e32d3741b30ec737e,93,9.7,4.15
86ccac0b835037332a596a33b6949ee1,177,2.3,4.25
870d0118f7a9d85960f29ad89d5d989a,45,4.4,4.04
87142160b41353c4e5fca2360caf6f92,305,3.9,4.4
88460e8ebdecbfecb5f9601833981930,246,17.1,3.43
891071be6ba827b591264c90c2ae8a63,85,14.1,3.95
897060da8b9a21f655304d50fd935913,304,10.5,3.72
8a130737016f838139d31878787a39c9,56,7.1,4.45
8a32e327fe2c1b3511609d81aaf9f042,126,3.2,3.94
8a432f4e5b471f8da497d7dc517666e2,95,2.1,4.19
8ae520247981aa06bc94abddf5f46d34,65,0.0,4.45
8b28d096634035667e8263d57ba3368c,139,10.8,4.01
8b321bb669392f5163d04c59e235e066,930,8.7,4.1
8b9d6eec4a7eb7d0f9d579ce0b38324d,48,14.6,4.06
8bb48dc19fccaa8613b6229bf7f452a2,82,2.4,4.41
8bd0f31cf0a614c658f6763bd02dea69,33,3.0,4.28
8c16d1f32a54d92897cc437244442e1b,108,0.9,4.36
8cbac7e12637ed9cffa18c7875207478,66,6.1,4.17
8d956fec2e4337affcb520f56fd8cbfd,210,6.2,4.21
8e6cc767478edae941d9bd9eb778d77a,100,6.0,4.06
8e6d7754bc7e0f22c96d255ebda59eba,84,13.1,3.61
8e8a7ce9f2f970dc00e2acf6f6e199f6,63,6.3,3.98
8f119a0aee85c0c8fc534629734e94fd,75,4.0,4.28
8f2ce03f928b567e3d56181ae20ae952,151,12.6,4.15
900ba814c251a692506d7834c1218441,86,14.0,4.23
903037660cf848a717166eb7a06d616e,44,11.4,3.95
91f848e9f4be368f4318775aac733370,60,1.7,4.4
92eb0f42c21942b6552362b9b114707d,334,4.8,4.02
93dc87703c046b603023e75222018b45,33,9.1,4.13
94144541854e298c2d976cb893b81343,68,4.4,4.25
951e8cef368f09bb3f3d03c00ca4702c,62,6.5,4.13
955fee9216a65b617aa5c0531780ce60,1261,6.1,4.2
95e03ca3d4146e4011985981aeb959b9,172,3.5,4.02
95f83f51203c626648c875dd41874c7f,50,4.0,3.7
9616352088dcf83a7c06637f4ebf1c80,91,0.0,4.35
9646c3513289980f17226a2fc4720dbd,69,2.9,4.45
96493fab2fbb13a14d0c0e8772eef5c3,63,6.3,4.06
966cb4760537b1404caedd472cc610a5,67,3.0,4.13
9674754b5a0cb32b638cec001178f799,84,2.4,4.11
96804ea39d96eb908e7c3afdb671bb9e,37,2.7,4.14
972d0f9cf61b499a4812cf0bfa3ad3c4,81,11.1,3.03
974cf2cb8f4b7add98709c30df02fe10,30,3.3,4.17
98dac6635aee4995d501a3972e047414,88,4.5,4.14
99002261c568a84cce14d43fcffb43ea,36,5.6,3.72
994f04b3718c2bab35c2adfa8afecd2a,47,6.4,4.3
99a54764c341d5dc80b4a8fac4eba3fb,44,11.4,3.67
99eaacc9e6046db1c82b163c5f84869f,63,11.1,4.0
9add47bf45ce8e8c7db6b9cf670b1e09,41,2.4,4.22
9b00ed88b7fdb95d6ff76e27c1b52d16,46,6.5,4.54
9b013e03b2ab786505a1d3b5c0756754,170,4.1,4.22
9baf5cb77970f539089d09a38bcec5c3,31,0.0,4.42
9c0e69c7bf2619675bbadf47b43f655a,151,8.6,4.2
9d4db00d65d7760644ac0c14edb5fd86,97,4.1,4.54
9d5a9018aee56acb367ba9c3f05d1d6a,66,1.5,4.45
9de4643a8dbde634fe55621059d92273,72,2.8,4.53
9e6229250fedbe05838fef417b74e7fb,73,2.7,3.89
9f505651f4a6abe901a56cdc21508025,393,4.1,4.37
a1043bafd471dff536d0c462352beb48,702,5.0,4.28
a17f621c590ea0fab3d5d883e1630ec6,63,6.3,4.16
a2e874074c877c5a05abae80ad6e488f,40,5.0,4.25
a3a38f4affed601eb87a97788c949667,251,4.4,4.4
a3dd39f583bc80bd8c5901c95878921e,34,2.9,4.59
a3e9a2c700480d9bb01fba070ba80a0e,129,9.3,4.0
a416b6a846a11724393025641d4edd5e,157,10.8,4.22
a420f60ff1aa9acc80d0e42959f2b313,67,7.5,3.95
a49928bcdf77c55c6d6e05e09a9b4ca5,96,21.9,3.03
a5cba26a62b8b4d0145b68b841e62e7f,53,1.9,4.57
a673821011d0cec28146ea42f5ab767f,125,10.4,4.05
a6fe7de3d16f6149ffe280349a8535a0,50,12.0,4.04
a7f13822ceb966b076af67121f87b063,73,4.1,3.4
a888faf2d1baececa6baf9c3d603ee1f,53,9.4,4.09
aac29b1b99776be73c3049939652091d,94,9.6,4.16
aae3bfea055532c57fb453ed3ec80b30,48,0.0,3.6
aaed1309374718fdd995ee4c58c9dfcd,104,2.9,4.06
aafe36600ce604f205b86b5084d3d767,129,3.9,4.4
aba1721a889e04decc910aa13b768ef4,83,7.2,4.45
abcd2cb37d46c2c8fb1bf071c859fc5b,44,4.5,4.32
abe42c5d03695b4257b5c6cbf4e6784e,49,16.3,3.96
ac3508719a1d8f5b7614b798f70af136,101,2.0,4.64
acce39e832338debb07b02385cde5967,44,0.0,4.48
aced59e9b31ef866a94f9e7f29d8d418,61,3.3,4.43
ad420dd0c4f92f8af951ac24b86d0cf5,42,7.1,4.12
ad781527c93d00d89a11eecd9dcad7c1,38,31.6,3.34
adbc26658d6c7b4b6219f9d934598091,88,13.6,4.12
afe0067131b73e40875c9b6c10bd2e21,45,4.4,4.27
b14db04aa7881970e83ffa9426897925,78,10.3,3.77
b17b679f4f5ce2e03ce6968c62648246,50,16.0,3.98
b18dc380845b24038cfc48006478f099,43,11.6,4.21
b1a81260566c1bac3114a6d124413f27,51,0.0,4.27
b1ac6ea7895bc3dd6f0f6f4abbdd2821,38,0.0,4.53
b1fc4f64df5a0e8b6913ab38803c57a9,107,12.1,3.86
b2479f944e1b90cf8a5de1bbfde284d6,101,11.9,3.47
b2ac621f0d0322434d04a12b078b9369,30,10.0,4.4
b2ba3715d723d245138f291a6fe42594,324,6.8,4.2
b32be1695eb7ec5f10f72d9610a12527,44,4.5,4.14
b335c59ab742f751a85db9c411a86739,30,3.3,4.03
b33e7c55446eabf8fe1a42d037ac7d6d,149,11.4,4.2
b372ee768ed69e46ca8cdbd267aa7a38,63,0.0,4.43
b39d7fe263ef469605dbb32608aee0af,43,4.7,3.93
b410bdd36d5db7a65dcd42b7ead933b8,42,0.0,4.81
b499c00f28f4b7069ff6550af8c1348a,147,12.9,4.22
b4a476fbd28de64b1e347abf9089366a,30,6.7,4.14
b4ffb71f0cb1b1c3d63fad021ecf93e1,143,2.1,4.24
b561927807645834b59ef0d16ba55a24,85,14.1,4.34
b56906f7fd1696e043f1bcce164c487b,39,5.1,4.05
b6d44737c043328708f6749c2dbe50bd,61,6.6,4.52
b74d1c09cb380e1d03a6f859c6f4224b,30,13.3,4.3
b76dba6c951ab00dc4edf0a1aa88037e,157,3.2,4.22
b839e41795b7f3ad94cc2014a52f6796,33,3.0,4.09
b8bc237ba3788b23da09c0f1f3a3288c,45,2.2,4.32
b90e891671cffd9557f33a97dc523645,34,0.0,4.32
b92e3c8f9738272ff7c59e111e108d7c,62,3.2,4.16
b94cc9f10ddc85e4ba73a6f7974e7101,39,5.1,4.3
ba143b05f0110f0dc71ad71b4466ce92,83,12.0,4.46
ba90964cff9b9e0e6f32b23b82465f7b,38,5.3,4.42
bacb1f0ed56ad24198f5810d2b3fe9a5,38,2.6,4.32
bba74270a87732727b5a3b4fd9ac1c39,35,0.0,4.06
bbad7e518d7af88a0897397ffdca1979,68,16.2,3.18
bccf933e006e9b94a6184af782963e77,45,2.2,4.52
bd0389da23d89b726abf911cccc54596,87,6.9,4.17
bd23da7354813347129d751591d1a6e2,86,2.3,4.12
bd4889b5e9133b35b66e42a8665cea5c,36,0.0,4.4
beadbee30901a7f61d031b6b686095ad,64,23.4,3.91
bf3c6d2a28b2b5501e6c15448982dcc9,35,2.9,4.6
bf84056e679dbe9c69929847a40e338f,35,5.7,3.77
bfd27a966d91cfaafdb25d076585f0da,114,5.3,4.32
c003204e1ab016dfa150abc119207b24,195,5.1,4.47
c013e57c075a06e5b5c48ee03c525719,42,4.8,4.24
c31eff8334d6b3047ed34bebd4d62c36,120,11.7,3.87
c33847515fa6305ce6feb1e818569f13,114,3.5,3.85
c3867b4666c7d76867627c2f7fb22e21,228,11.0,4.08
c3cfdc648177fdbbbb35635a37472c53,278,1.4,4.47
c60b801f2d52c7f7f91de00870882a75,39,15.4,3.44
c66dccfb3f109511246da627dd5a2498,44,4.5,4.57
c68fb906c8f4b4b946d8386bfa6e5467,45,2.2,4.52
c6bda72e4dbf5c5866b13cb1810c6d03,59,3.4,4.39
c70c1b0d8ca86052f45a432a38b73958,260,5.4,4.37
c826c40d7b19f62a09e2d7c5e7295ee2,346,7.5,4.13
c8467937e403e76a8ee9f0ab13f6f5ef,30,13.3,4.07
c847e075301870dd144a116762eaff9a,41,7.3,4.2
c864036feaab8c1659f65ea4faebe1da,58,3.4,4.57
c8b0e2b0a7095e5d8219575d5e7e1181,84,7.1,4.08
c8b3445d737de6befde0c88ede534a5e,30,3.3,4.43
c9aafcd0621b2207c10e32c649cada4d,40,7.5,4.32
c9c7905cffc4ef9ff9f113554423e671,127,7.9,4.14
ca3bd7cd9f149df75950150d010fe4a2,68,1.5,4.09
cab85505710c7cb9b720bceb52b01cee,201,2.0,4.34
cac4c8e7b1ca6252d8f20b2fc1a2e4af,74,17.6,3.56
cb3dd9ce66268c7a3ca7241ac70ab58c,48,4.2,4.19
cb8bcce248bb1fb274ba762d8b971456,66,1.5,4.33
cbd996ad3c1b7dc71fd0e5f5df9087e2,160,8.1,4.21
cc419e0650a3c5ba77189a1882b7556a,1651,5.3,4.15
cc5a78bbad32776dc4e3af205218368c,33,3.0,4.45
cc63f0dd2acba93ffed4fe9f8e0321fa,55,0.0,4.09
cca3071e3e9bb7d12640c9fbe2301306,699,4.9,3.89
ccc4bbb5f32a6ab2b7066a4130f114e3,184,6.5,4.32
cce6ab8d1682639fe45ab70234f1665f,61,3.3,4.51
cd06602b43d8800bd0afad514919d35c,43,4.7,3.74
cd68562d3f44870c08922d380acae552,122,15.6,4.02
cd6efc47efaabf134f8bdb654e10b4f1,31,6.5,4.48
ce248b21cb2adc36282ede306b7660e5,64,7.8,4.23
ce27a3cc3c8cc1ea79d11e561e9bebb6,122,1.6,4.19
ce7d1888639e6fb06b2749cbfdac1ff7,78,9.0,4.17
ceaec5548eefc6e23e6607c5435102e7,198,5.1,4.2
cee48807215b30a12ca2ca10ffb5f250,39,12.8,3.77
cfb1a033743668a192316f3c6d1d2671,143,9.8,4.04
d05ae8f7a5bd1d2a690a44cd079e4e27,77,6.5,3.89
d12c926d74ceff0a90a21184466ce161,75,1.3,4.39
d13e50eaa47b4cbe9eb81465865d8cfc,66,9.1,4.82
d1b65fc7debc3361ea86b5f14c68d2e2,39,2.6,4.64
d1c281d3ae149232351cd8c8cc885f0d,214,6.5,3.81
d20b021d3efdf267a402c402a48ea64b,86,16.3,3.75
d23019c84ffae2d5ef2270367b8605fc,39,2.6,4.41
d2374cbcbb3ca4ab1086534108cc3ab7,514,5.3,3.78
d3f39f05462b79a4562d35893a28f159,33,12.1,3.61
d50d79cb34e38265a8649c383dcffd48,69,4.3,4.25
d566c37fa119d5e66c4e9052e83ee4ea,65,0.0,4.69
d57e18d5f73c7ccb7f7339b61166898d,61,0.0,4.43
d5ba419e26d246a0719437cf37d9b46d,33,9.1,4.0
d650b663c3b5f6fb392b6326366efa9a,57,5.3,4.37
d66c305afaec317ebee552073a674429,38,2.6,4.45
d673a59aac7a70d8b01e6902bf090a11,79,7.6,3.91
d6b1ce66b035a475f00c017792ff9769,92,5.4,4.28
d91fb3b7d041e83b64a00a3edfb37e4f,524,3.8,4.14
d921b68bf747894be13a97ae52b0f386,77,1.3,4.56
d93919c944be9cff128f6c9cb899eacb,33,15.2,4.0
d94a40fd42351c259927028d163af842,100,3.0,4.21
d98eec89afa3380e14463da2aabaea72,168,2.4,4.34
d9a84e1403de8da0c3aa531d6d108ba6,53,5.7,4.58
d9bd94811c3338dceb4181f3dbc0c73e,54,5.6,4.8
da8622b14eb17ae2831f4ac5b9dab84a,1310,6.6,4.18
daeb5653dd96c1b11860f72209795012,38,7.9,4.21
db2956745b3a8e9f3785c99f34b5d25e,45,8.9,3.84
db4350fd57ae30082dec7acbaacc17f9,136,3.7,4.16
dbb9b48c841a0e39e21f98e1a6b2ec3e,108,3.7,4.27
dbc22125167c298ef99da25668e1011f,394,2.5,4.32
dbd66278cbfe1aa1000f90a217ca4695,85,3.5,4.51
dc317f341ab0e22f39acbd9dbf9b4a1f,55,5.5,4.15
dc4a0fc896dc34b0d5bfec8438291c80,225,6.7,3.81
dc8798cbf453b7e0f98745e396cc5616,35,5.7,3.37
dd2bdf855a9172734fbc3744021ae9b9,105,5.7,3.88
dd533b429f380718b70ad9922c294bae,39,10.3,3.92
dd55f1bb788714a40e7954c3be6df745,35,17.1,3.74
dd7ddc04e1b6c2c614352b383efe2d36,120,12.5,3.9
de23c3b98a88888289c6f5cc1209054a,161,7.5,4.29
de722cd6dad950a92b7d4f82673f8833,337,3.6,4.3
dee656f0f566ed1aa85bd137c943f08f,92,4.3,4.37
dfa0c4c6229ab200a4a1336b4d7128ff,77,1.3,4.0
dfc5fb7259bb2b599ca565e6e9448f0f,33,3.0,4.12
e067ad2c1c0b48758eb1b5228bcf7a68,54,7.4,4.15
e0a366315b1b726b6c7832d664c0f530,43,2.3,4.3
e24fc9fcd865784fb25705606fe3dfe7,51,7.8,4.16
e26901d5ab434ce92fd9b5c256820a4e,197,1.5,4.2
e2aee0892199b1d92530e371abd825bf,36,13.9,3.89
e333046ce6517bd8bb510291d44f0130,68,4.4,4.34
e38db885400cd35c71dfd162f2c1dbcf,30,10.0,4.47
e49c26c3edfa46d227d5121a6b6e4d37,34,0.0,4.56
e59aa562b9f8076dd550fcddf0e73491,69,8.7,4.26
e5a3438891c0bfdb9394643f95273d8e,216,15.7,3.99
e5a38146df062edaf55c38afa99e42dc,119,7.6,4.0
e62b2d6ac10570a035a30bafcf01d263,62,11.3,3.97
e63e8bfa530fb16910dd6956e592bb81,41,4.9,4.32
e882b2a25a10b9c057cc49695f222c19,57,0.0,4.58
e8b3a3a38279a82f0e5d006d5e5b7d2c,80,3.8,4.01
e8b4225284fbb02d16f200513f1f395d,30,10.0,4.3
e8f6dc8e6a1dcde89d20e3995c8d90b3,35,8.6,4.0
e96498ed8daaa3e9c23f7a62da76591c,34,14.7,3.94
e9779976487b77c6d4ac45f75ec7afe9,645,6.0,4.26
e9bc59e7b60fc3063eb2290deda4cced,209,7.7,4.08
e9d99831abad74458942f21e16f33f92,129,10.1,3.95
ea566164622c6b439516ab18062c42cd,50,18.0,3.78
ea67327e24487bdfac5fbfa37ea124df,32,3.1,3.53
ea8482cd71df3c1969d7b9473ff13abc,1132,8.5,4.03
ebd2d60905fb58271facef5596b620d3,82,3.7,4.23
ec8879960bd2221d5c32f8e12f7da711,35,17.1,4.29
ececbfcff9804a2d6b40f589df8eef2b,97,9.3,4.11
ed4acab38528488b65a9a9c603ff024a,31,0.0,3.81
edb1ef5e36e0c8cd84eb3c9b003e486d,165,7.3,4.44
ede0c03645598cdfc63ca8237acbe73d,43,32.6,3.57
eeb6de78f79159600292e314a77cbd18,82,3.7,4.44
ef0ace09169ac090589d85746e3e036f,128,7.8,4.4
ef506c96320abeedfb894c34db06f478,316,7.9,3.96
ef990a83bbea832f36ebe81376335aa8,43,20.9,3.63
efcd8d2104f1a05d028af7bad20d974b,46,2.2,4.2
f00e21b1e91a79653163b7fd8f293ff1,31,3.2,4.1
f0b47fbbc6dee9aafe415a6e33051b3f,67,10.4,4.25
f181738b150df1f37cb0bd72e705b193,36,8.3,4.47
f214d28e8d8e3ef068748498ccc2f813,52,7.7,4.27
f262cbc1c910c83959f849465454ddd3,189,7.4,4.18
f27e33c6d29b5138fa9967bcd445b6d5,93,8.6,4.1
f3b80352b986ab4d1057a4b724be19d0,86,0.0,4.21
f3da5b2ff499efb8d4a6d371d175d7dd,77,11.7,3.89
f45122a9ab94eb4f3f8953578bc0c560,184,7.1,3.97
f457c46070d02cadd8a68551231220dd,195,5.6,3.88
f46490624488d3ff7ce78613913a7711,80,11.2,3.76
f4aba7c0bca51484c30ab7bdc34bcdd1,108,5.6,3.94
f5a590cf36251cf1162ea35bef76fe84,113,7.1,4.27
f62d7bb4a613ec758a03342d46b580b2,32,9.4,4.38
f67efa3f0b6761102a7f8c6b7b571f5d,31,0.0,4.48
f680f85bee2d253556ac91be391d2c82,45,2.2,4.33
f7720c4fa8e3aba4546301ab80ea1f1b,59,5.1,4.25
f789d2c4f2c2eb38fc4373e7a4b35264,44,4.5,4.16
f7ba60f8c3f99e7ee4042fdef03b70c4,218,13.8,4.22
f7ccf836d21b2fb1de37564105216cc1,69,7.2,3.85
f80edd2c5aaa505cc4b0a3b219abf4b8,115,5.2,4.18
f84a00e60c73a49e7e851c9bdca3a5bb,88,10.2,3.9
f84fa566034f5e8e880a07ec624c56af,89,10.1,4.25
f8db351d8c4c4c22c6835c19a46f01b0,659,4.2,4.26
fa1a9dec3a9940c072684a46728bf1fc,55,0.0,4.11
fa1c13f2614d7b5c4749cbc52fecda94,578,9.2,4.37
fa40cc5b934574b62717c68f3d678b6d,304,5.3,4.48
fad44952713764836814be105382aee5,32,0.0,4.28
fc906263ca5083d09dce42fe02247800,112,0.0,4.38
fcb5ace8bcc92f75707dc0f01a27d269,59,3.4,3.98
fd386aa7bed2af3c7035c65506c9b4a3,69,10.1,4.35
fdb9095204a334cd8872252ffec6f2db,46,6.5,4.17
fde0cc9ea29c8ccfc0a2c22256a58c71,35,2.9,4.49
fe2032dab1a61af8794248c8196565c9,293,8.9,4.39
febab0275244b9a49a623f0bd613ca2f,105,3.8,4.44
ff063b022a9a0aab91bad2c9088760b7,94,3.2,4.31
ff1fb4c404b2efe68b03350a8dc24122,46,13.0,4.0
fffd5413c0700ac820c7069d66d98c89,57,12.3,3.89
