month,orders,late_pct,avg_delivery_days
2017-01,749,2.9,12.1
2017-02,1651,3.0,12.6
2017-03,2545,4.6,12.4
2017-04,2303,6.6,14.4
2017-05,3544,3.0,10.8
2017-06,3134,3.0,11.5
2017-07,3861,2.8,11.2
2017-08,4191,2.9,10.7
2017-09,4150,4.4,11.4
2017-10,4478,4.2,11.4
2017-11,7288,12.4,14.7
2017-12,5513,7.5,14.9
2018-01,7069,5.7,13.6
2018-02,6555,14.1,16.5
2018-03,7003,19.0,15.9
2018-04,6798,4.5,11.0
2018-05,6749,6.6,11.0
2018-06,6096,1.2,8.8
2018-07,6156,3.4,8.5
2018-08,6351,6.2,7.3
